prov,kab,CONFIDENCE,SUPPORTIVE,POSITIVE,UNDECIDED,UNSUPPORTIVE,UNCOMFORTABLE,NEGATIVE,DISAPPROVAL
ACEH,KAB. ACEH SELATAN,54004.806,216019.224,330029.37000000005,100008.90000000001,48004.272000000004,165014.68500000003,66005.874,21001.869000000002
ACEH,KAB. ACEH TENGGARA,222019.758,222019.758,156013.88400000002,100008.90000000001,135012.015,27002.403,102009.07800000001,36003.204
ACEH,KAB. ACEH TIMUR,444039.516,48004.272000000004,108009.612,100008.90000000001,186016.554,30002.670000000002,27002.403,57005.073000000004
ACEH,KAB. ACEH TENGAH,174015.486,192017.08800000002,234020.82600000003,100008.90000000001,57005.073000000004,111009.879,42003.738000000005,90008.01
ACEH,KAB. ACEH BARAT,318028.302,246021.894,36003.204,100008.90000000001,186016.554,51004.539000000004,21001.869000000002,42003.738000000005
ACEH,KAB. ACEH BESAR,300026.7,186016.554,114010.14600000001,100008.90000000001,120010.68000000001,96008.54400000001,66005.874,18001.602
ACEH,KAB. PIDIE,276024.564,72006.408,252022.428,100008.90000000001,123010.947,120010.68000000001,39003.471000000005,18001.602
ACEH,KAB. ACEH UTARA,408036.31200000003,78006.94200000001,114010.14600000001,100008.90000000001,120010.68000000001,120010.68000000001,24002.136000000002,36003.204
ACEH,KAB. SIMEULUE,60005.340000000004,420037.38,120010.68000000001,100008.90000000001,42003.738000000005,93008.277,75006.675,90008.01
ACEH,KAB. ACEH SINGKIL,372033.108,72006.408,156013.88400000002,100008.90000000001,36003.204,36003.204,66005.874,162014.418
ACEH,KAB. BIREUEN,222019.758,264023.496,114010.14600000001,100008.90000000001,147013.083,75006.675,42003.738000000005,36003.204
ACEH,KAB. ACEH BARAT DAYA,198017.622,300026.7,102009.07800000001,100008.90000000001,51004.539000000004,180016.02,30002.670000000002,39003.471000000005
ACEH,KAB. GAYO LUES,186016.554,36003.204,378033.642,100008.90000000001,99008.811,93008.277,66005.874,42003.738000000005
ACEH,KAB. ACEH JAYA,498044.322,54004.806,48004.272000000004,100008.90000000001,198017.622,63005.607,21001.869000000002,18001.602
ACEH,KAB. NAGAN RAYA,390034.71,174015.486,36003.204,100008.90000000001,96008.54400000001,135012.015,18001.602,51004.539000000004
ACEH,KAB. ACEH TAMIANG,216019.224,210018.69,174015.486,100008.90000000001,81007.209,135012.015,66005.874,18001.602
ACEH,KAB. BENER MERIAH,222019.758,114010.14600000001,264023.496,100008.90000000001,150013.35,51004.539000000004,24002.136000000002,75006.675
ACEH,KAB. PIDIE JAYA,108009.612,150013.35,342030.43799999997,100008.90000000001,60005.340000000004,33002.937,147013.083,60005.340000000004
ACEH,KOTA BANDA ACEH,360032.04,156013.88400000002,84007.47600000001,100008.90000000001,123010.947,126011.214,24002.136000000002,27002.403
ACEH,KOTA SABANG,318028.302,204018.15600000002,78006.94200000001,100008.90000000001,141012.549,96008.54400000001,30002.670000000002,33002.937
ACEH,KOTA LHOKSEUMAWE,516045.924,36003.204,48004.272000000004,100008.90000000001,27002.403,75006.675,138012.282,60005.340000000004
ACEH,KOTA LANGSA,186016.554,84007.47600000001,330029.37000000005,100008.90000000001,153013.617,42003.738000000005,36003.204,69006.141
ACEH,KOTA SUBULUSSALAM,66005.874,372033.108,162014.418,100008.90000000001,66005.874,18001.602,186016.554,30002.670000000002
SUMATERA UTARA,KAB. TAPANULI TENGAH,258022.962,84007.47600000001,258022.962,100008.90000000001,192017.08800000002,24002.136000000002,21001.869000000002,63005.607
SUMATERA UTARA,KAB. TAPANULI UTARA,390034.71,168014.95200000002,42003.738000000005,100008.90000000001,105009.345,36003.204,27002.403,132011.748
SUMATERA UTARA,KAB. TAPANULI SELATAN,180016.02,288025.632,132011.748,100008.90000000001,126011.214,72006.408,27002.403,75006.675
SUMATERA UTARA,KAB. NIAS,144012.816,330029.37000000005,126011.214,100008.90000000001,69006.141,60005.340000000004,132011.748,39003.471000000005
SUMATERA UTARA,KAB. LANGKAT,156013.88400000002,252022.428,192017.08800000002,100008.90000000001,132011.748,33002.937,27002.403,108009.612
SUMATERA UTARA,KAB. KARO,408036.31200000003,120010.68000000001,72006.408,100008.90000000001,123010.947,108009.612,27002.403,42003.738000000005
SUMATERA UTARA,KAB. DELI SERDANG,318028.302,216019.224,66005.874,100008.90000000001,27002.403,147013.083,57005.073000000004,69006.141
SUMATERA UTARA,KAB. SIMALUNGUN,264023.496,228020.29200000002,108009.612,100008.90000000001,198017.622,42003.738000000005,27002.403,33002.937
SUMATERA UTARA,KAB. ASAHAN,282025.098,120010.68000000001,198017.622,100008.90000000001,219019.491,39003.471000000005,21001.869000000002,21001.869000000002
SUMATERA UTARA,KAB. LABUHANBATU,72006.408,414036.84599999996,114010.14600000001,100008.90000000001,30002.670000000002,48004.272000000004,45004.005,177015.753
SUMATERA UTARA,KAB. DAIRI,240021.36000000002,168014.95200000002,192017.08800000002,100008.90000000001,78006.94200000001,21001.869000000002,108009.612,93008.277
SUMATERA UTARA,KAB. TOBA,456040.58400000003,102009.07800000001,42003.738000000005,100008.90000000001,33002.937,126011.214,93008.277,48004.272000000004
SUMATERA UTARA,KAB. MANDAILING NATAL,450040.05000000005,42003.738000000005,108009.612,100008.90000000001,72006.408,165014.68500000003,18001.602,45004.005
SUMATERA UTARA,KAB. NIAS SELATAN,216019.224,342030.43799999997,42003.738000000005,100008.90000000001,75006.675,36003.204,105009.345,84007.47600000001
SUMATERA UTARA,KAB. PAKPAK BHARAT,90008.01,444039.516,66005.874,100008.90000000001,51004.539000000004,99008.811,57005.073000000004,93008.277
SUMATERA UTARA,KAB. HUMBANG HASUNDUTAN,378033.642,126011.214,96008.54400000001,100008.90000000001,135012.015,39003.471000000005,21001.869000000002,105009.345
SUMATERA UTARA,KAB. SAMOSIR,126011.214,120010.68000000001,354031.506,100008.90000000001,72006.408,18001.602,30002.670000000002,180016.02
SUMATERA UTARA,KAB. SERDANG BEDAGAI,180016.02,324028.836,96008.54400000001,100008.90000000001,57005.073000000004,84007.47600000001,42003.738000000005,117010.41300000002
SUMATERA UTARA,KAB. BATU BARA,42003.738000000005,438038.982,120010.68000000001,100008.90000000001,36003.204,189016.821,30002.670000000002,45004.005
SUMATERA UTARA,KAB. PADANG LAWAS UTARA,42003.738000000005,66005.874,492043.788,100008.90000000001,72006.408,93008.277,36003.204,99008.811
SUMATERA UTARA,KAB. PADANG LAWAS,282025.098,174015.486,144012.816,100008.90000000001,24002.136000000002,165014.68500000003,75006.675,36003.204
SUMATERA UTARA,KAB. LABUHANBATU SELATAN,198017.622,60005.340000000004,342030.43799999997,100008.90000000001,96008.54400000001,39003.471000000005,126011.214,39003.471000000005
SUMATERA UTARA,KAB. LABUHANBATU UTARA,294026.166,192017.08800000002,114010.14600000001,100008.90000000001,108009.612,84007.47600000001,48004.272000000004,60005.340000000004
SUMATERA UTARA,KAB. NIAS UTARA,210018.69,84007.47600000001,306027.234,100008.90000000001,90008.01,18001.602,66005.874,126011.214
SUMATERA UTARA,KAB. NIAS BARAT,234020.82600000003,180016.02,186016.554,100008.90000000001,75006.675,75006.675,45004.005,105009.345
SUMATERA UTARA,KOTA MEDAN,336029.90400000004,228020.29200000002,36003.204,100008.90000000001,129011.481,18001.602,93008.277,60005.340000000004
SUMATERA UTARA,KOTA PEMATANGSIANTAR,168014.95200000002,192017.08800000002,240021.36000000002,100008.90000000001,87007.743,126011.214,18001.602,69006.141
SUMATERA UTARA,KOTA SIBOLGA,48004.272000000004,408036.31200000003,144012.816,100008.90000000001,69006.141,48004.272000000004,111009.879,72006.408
SUMATERA UTARA,KOTA TANJUNG BALAI,246021.894,174015.486,180016.02,100008.90000000001,45004.005,126011.214,21001.869000000002,108009.612
SUMATERA UTARA,KOTA BINJAI,168014.95200000002,204018.15600000002,228020.29200000002,100008.90000000001,99008.811,48004.272000000004,90008.01,63005.607
SUMATERA UTARA,KOTA TEBING TINGGI,90008.01,354031.506,156013.88400000002,100008.90000000001,120010.68000000001,54004.806,36003.204,90008.01
SUMATERA UTARA,KOTA PADANGSIDIMPUAN,414036.84599999996,48004.272000000004,138012.282,100008.90000000001,21001.869000000002,75006.675,105009.345,99008.811
SUMATERA UTARA,KOTA GUNUNGSITOLI,72006.408,312027.76800000004,216019.224,100008.90000000001,207018.42299999998,18001.602,54004.806,21001.869000000002
SUMATERA BARAT,KAB. PESISIR SELATAN,342030.43799999997,132011.748,126011.214,100008.90000000001,117010.41300000002,81007.209,72006.408,30002.670000000002
SUMATERA BARAT,KAB. SOLOK,240021.36000000002,78006.94200000001,282025.098,100008.90000000001,129011.481,87007.743,63005.607,21001.869000000002
SUMATERA BARAT,KAB. SIJUNJUNG,354031.506,144012.816,102009.07800000001,100008.90000000001,153013.617,33002.937,69006.141,45004.005
SUMATERA BARAT,KAB. TANAH DATAR,360032.04,102009.07800000001,138012.282,100008.90000000001,66005.874,147013.083,63005.607,24002.136000000002
SUMATERA BARAT,KAB. PADANG PARIAMAN,114010.14600000001,132011.748,354031.506,100008.90000000001,30002.670000000002,186016.554,27002.403,57005.073000000004
SUMATERA BARAT,KAB. AGAM,426037.914,114010.14600000001,60005.340000000004,100008.90000000001,42003.738000000005,27002.403,75006.675,156013.88400000002
SUMATERA BARAT,KAB. LIMA PULUH KOTA,288025.632,102009.07800000001,210018.69,100008.90000000001,147013.083,63005.607,30002.670000000002,60005.340000000004
SUMATERA BARAT,KAB. PASAMAN,420037.38,60005.340000000004,120010.68000000001,100008.90000000001,99008.811,102009.07800000001,39003.471000000005,60005.340000000004
SUMATERA BARAT,KAB. KEPULAUAN MENTAWAI,228020.29200000002,330029.37000000005,42003.738000000005,100008.90000000001,168014.95200000002,27002.403,51004.539000000004,54004.806
SUMATERA BARAT,KAB. DHARMASRAYA,468041.65200000006,84007.47600000001,48004.272000000004,100008.90000000001,72006.408,18001.602,93008.277,117010.41300000002
SUMATERA BARAT,KAB. SOLOK SELATAN,294026.166,132011.748,174015.486,100008.90000000001,99008.811,21001.869000000002,105009.345,75006.675
SUMATERA BARAT,KAB. PASAMAN BARAT,180016.02,72006.408,348030.972,100008.90000000001,54004.806,105009.345,72006.408,69006.141
SUMATERA BARAT,KOTA PADANG,60005.340000000004,180016.02,360032.04,100008.90000000001,66005.874,135012.015,36003.204,63005.607
SUMATERA BARAT,KOTA SOLOK,78006.94200000001,402035.77800000005,120010.68000000001,100008.90000000001,168014.95200000002,42003.738000000005,51004.539000000004,39003.471000000005
SUMATERA BARAT,KOTA SAWAHLUNTO,360032.04,54004.806,186016.554,100008.90000000001,129011.481,48004.272000000004,81007.209,42003.738000000005
SUMATERA BARAT,KOTA PADANG PANJANG,306027.234,192017.08800000002,102009.07800000001,100008.90000000001,132011.748,99008.811,36003.204,33002.937
SUMATERA BARAT,KOTA BUKITTINGGI,120010.68000000001,276024.564,204018.15600000002,100008.90000000001,72006.408,75006.675,39003.471000000005,114010.14600000001
SUMATERA BARAT,KOTA PAYAKUMBUH,144012.816,402035.77800000005,54004.806,100008.90000000001,81007.209,117010.41300000002,42003.738000000005,60005.340000000004
SUMATERA BARAT,KOTA PARIAMAN,498044.322,54004.806,48004.272000000004,100008.90000000001,159014.151,66005.874,48004.272000000004,27002.403
RIAU,KAB. KAMPAR,372033.108,114010.14600000001,114010.14600000001,100008.90000000001,33002.937,78006.94200000001,21001.869000000002,168014.95200000002
RIAU,KAB. INDRAGIRI HULU,198017.622,90008.01,312027.76800000004,100008.90000000001,72006.408,18001.602,159014.151,51004.539000000004
RIAU,KAB. BENGKALIS,414036.84599999996,96008.54400000001,90008.01,100008.90000000001,81007.209,42003.738000000005,48004.272000000004,129011.481
RIAU,KAB. INDRAGIRI HILIR,114010.14600000001,204018.15600000002,282025.098,100008.90000000001,117010.41300000002,129011.481,30002.670000000002,24002.136000000002
RIAU,KAB. PELALAWAN,174015.486,144012.816,282025.098,100008.90000000001,69006.141,42003.738000000005,117010.41300000002,72006.408
RIAU,KAB. ROKAN HULU,342030.43799999997,102009.07800000001,156013.88400000002,100008.90000000001,165014.68500000003,57005.073000000004,39003.471000000005,39003.471000000005
RIAU,KAB. ROKAN HILIR,156013.88400000002,306027.234,138012.282,100008.90000000001,63005.607,18001.602,24002.136000000002,195017.355
RIAU,KAB. SIAK,258022.962,246021.894,96008.54400000001,100008.90000000001,33002.937,180016.02,45004.005,42003.738000000005
RIAU,KAB. KUANTAN SINGINGI,222019.758,120010.68000000001,258022.962,100008.90000000001,96008.54400000001,75006.675,90008.01,39003.471000000005
RIAU,KAB. KEPULAUAN MERANTI,486043.2540000001,36003.204,78006.94200000001,100008.90000000001,207018.42299999998,27002.403,21001.869000000002,45004.005
RIAU,KOTA PEKANBARU,42003.738000000005,318028.302,240021.36000000002,100008.90000000001,81007.209,24002.136000000002,129011.481,66005.874
RIAU,KOTA DUMAI,234020.82600000003,204018.15600000002,162014.418,100008.90000000001,93008.277,81007.209,102009.07800000001,24002.136000000002
JAMBI,KAB. KERINCI,282025.098,162014.418,156013.88400000002,100008.90000000001,141012.549,102009.07800000001,36003.204,21001.869000000002
JAMBI,KAB. MERANGIN,354031.506,54004.806,192017.08800000002,100008.90000000001,63005.607,165014.68500000003,33002.937,39003.471000000005
JAMBI,KAB. SAROLANGUN,210018.69,144012.816,246021.894,100008.90000000001,108009.612,54004.806,57005.073000000004,81007.209
JAMBI,KAB. BATANGHARI,36003.204,294026.166,270024.03,100008.90000000001,45004.005,132011.748,27002.403,96008.54400000001
JAMBI,KAB. MUARO JAMBI,222019.758,150013.35,228020.29200000002,100008.90000000001,42003.738000000005,111009.879,18001.602,129011.481
JAMBI,KAB. TANJUNG JABUNG BARAT,48004.272000000004,276024.564,276024.564,100008.90000000001,138012.282,33002.937,45004.005,84007.47600000001
JAMBI,KAB. TANJUNG JABUNG TIMUR,120010.68000000001,360032.04,120010.68000000001,100008.90000000001,150013.35,99008.811,27002.403,24002.136000000002
JAMBI,KAB. BUNGO,42003.738000000005,144012.816,414036.84599999996,100008.90000000001,159014.151,78006.94200000001,27002.403,36003.204
JAMBI,KAB. TEBO,222019.758,162014.418,216019.224,100008.90000000001,33002.937,129011.481,27002.403,111009.879
JAMBI,KOTA JAMBI,246021.894,216019.224,138012.282,100008.90000000001,87007.743,90008.01,51004.539000000004,72006.408
JAMBI,KOTA SUNGAI PENUH,396035.244,42003.738000000005,162014.418,100008.90000000001,18001.602,138012.282,57005.073000000004,87007.743
SUMATERA SELATAN,KAB. OGAN KOMERING ULU,336029.90400000004,126011.214,138012.282,100008.90000000001,126011.214,93008.277,45004.005,36003.204
SUMATERA SELATAN,KAB. OGAN KOMERING ILIR,444039.516,60005.340000000004,96008.54400000001,100008.90000000001,183016.287,39003.471000000005,18001.602,60005.340000000004
SUMATERA SELATAN,KAB. MUARA ENIM,492043.788,36003.204,72006.408,100008.90000000001,198017.622,39003.471000000005,42003.738000000005,21001.869000000002
SUMATERA SELATAN,KAB. LAHAT,198017.622,282025.098,120010.68000000001,100008.90000000001,69006.141,186016.554,27002.403,18001.602
SUMATERA SELATAN,KAB. MUSI RAWAS,258022.962,198017.622,144012.816,100008.90000000001,42003.738000000005,129011.481,69006.141,60005.340000000004
SUMATERA SELATAN,KAB. MUSI BANYUASIN,36003.204,402035.77800000005,162014.418,100008.90000000001,33002.937,168014.95200000002,18001.602,81007.209
SUMATERA SELATAN,KAB. BANYUASIN,396035.244,108009.612,96008.54400000001,100008.90000000001,33002.937,36003.204,126011.214,105009.345
SUMATERA SELATAN,KAB. OGAN KOMERING ULU TIMUR,210018.69,348030.972,42003.738000000005,100008.90000000001,99008.811,123010.947,42003.738000000005,36003.204
SUMATERA SELATAN,KAB. OGAN KOMERING ULU SELATAN,108009.612,180016.02,312027.76800000004,100008.90000000001,177015.753,60005.340000000004,24002.136000000002,39003.471000000005
SUMATERA SELATAN,KAB. OGAN ILIR,294026.166,270024.03,36003.204,100008.90000000001,111009.879,90008.01,75006.675,24002.136000000002
SUMATERA SELATAN,KAB. EMPAT LAWANG,186016.554,66005.874,348030.972,100008.90000000001,177015.753,78006.94200000001,24002.136000000002,21001.869000000002
SUMATERA SELATAN,KAB. PENUKAL ABAB LEMATANG ILIR,54004.806,132011.748,414036.84599999996,100008.90000000001,174015.486,45004.005,57005.073000000004,24002.136000000002
SUMATERA SELATAN,KAB. MUSI RAWAS UTARA,420037.38,78006.94200000001,102009.07800000001,100008.90000000001,87007.743,147013.083,39003.471000000005,27002.403
SUMATERA SELATAN,KOTA PALEMBANG,318028.302,216019.224,66005.874,100008.90000000001,135012.015,81007.209,24002.136000000002,60005.340000000004
SUMATERA SELATAN,KOTA PAGAR ALAM,144012.816,402035.77800000005,54004.806,100008.90000000001,105009.345,93008.277,42003.738000000005,60005.340000000004
SUMATERA SELATAN,KOTA LUBUK LINGGAU,306027.234,234020.82600000003,60005.340000000004,100008.90000000001,78006.94200000001,24002.136000000002,165014.68500000003,33002.937
SUMATERA SELATAN,KOTA PRABUMULIH,60005.340000000004,180016.02,360032.04,100008.90000000001,33002.937,159014.151,45004.005,63005.607
BENGKULU,KAB. BENGKULU SELATAN,372033.108,180016.02,48004.272000000004,100008.90000000001,93008.277,120010.68000000001,54004.806,33002.937
BENGKULU,KAB. REJANG LEBONG,444039.516,120010.68000000001,36003.204,100008.90000000001,150013.35,48004.272000000004,30002.670000000002,72006.408
BENGKULU,KAB. BENGKULU UTARA,156013.88400000002,48004.272000000004,396035.244,100008.90000000001,72006.408,192017.08800000002,18001.602,18001.602
BENGKULU,KAB. KAUR,96008.54400000001,354031.506,150013.35,100008.90000000001,60005.340000000004,162014.418,24002.136000000002,54004.806
BENGKULU,KAB. SELUMA,84007.47600000001,360032.04,156013.88400000002,100008.90000000001,87007.743,24002.136000000002,24002.136000000002,165014.68500000003
BENGKULU,KAB. MUKO MUKO,210018.69,72006.408,318028.302,100008.90000000001,168014.95200000002,75006.675,39003.471000000005,18001.602
BENGKULU,KAB. LEBONG,336029.90400000004,168014.95200000002,96008.54400000001,100008.90000000001,66005.874,186016.554,27002.403,21001.869000000002
BENGKULU,KAB. KEPAHIANG,138012.282,120010.68000000001,342030.43799999997,100008.90000000001,105009.345,24002.136000000002,39003.471000000005,132011.748
BENGKULU,KAB. BENGKULU TENGAH,114010.14600000001,444039.516,42003.738000000005,100008.90000000001,159014.151,21001.869000000002,18001.602,102009.07800000001
BENGKULU,KOTA BENGKULU,102009.07800000001,420037.38,78006.94200000001,100008.90000000001,24002.136000000002,93008.277,48004.272000000004,135012.015
LAMPUNG,KAB. LAMPUNG SELATAN,102009.07800000001,228020.29200000002,270024.03,100008.90000000001,96008.54400000001,108009.612,72006.408,24002.136000000002
LAMPUNG,KAB. LAMPUNG TENGAH,258022.962,150013.35,192017.08800000002,100008.90000000001,54004.806,150013.35,18001.602,78006.94200000001
LAMPUNG,KAB. LAMPUNG UTARA,480042.72000000003,60005.340000000004,60005.340000000004,100008.90000000001,192017.08800000002,24002.136000000002,36003.204,48004.272000000004
LAMPUNG,KAB. LAMPUNG BARAT,360032.04,96008.54400000001,144012.816,100008.90000000001,63005.607,18001.602,57005.073000000004,162014.418
LAMPUNG,KAB. TULANG BAWANG,444039.516,72006.408,84007.47600000001,100008.90000000001,84007.47600000001,156013.88400000002,30002.670000000002,30002.670000000002
LAMPUNG,KAB. TANGGAMUS,60005.340000000004,504044.856,36003.204,100008.90000000001,195017.355,45004.005,39003.471000000005,21001.869000000002
LAMPUNG,KAB. LAMPUNG TIMUR,450040.05000000005,90008.01,60005.340000000004,100008.90000000001,27002.403,75006.675,126011.214,72006.408
LAMPUNG,KAB. WAY KANAN,222019.758,222019.758,156013.88400000002,100008.90000000001,105009.345,21001.869000000002,129011.481,45004.005
LAMPUNG,KAB. PESAWARAN,384034.17600000004,132011.748,84007.47600000001,100008.90000000001,63005.607,57005.073000000004,84007.47600000001,96008.54400000001
LAMPUNG,KAB. PRINGSEWU,312027.76800000004,66005.874,222019.758,100008.90000000001,174015.486,21001.869000000002,18001.602,87007.743
LAMPUNG,KAB. MESUJI,42003.738000000005,348030.972,210018.69,100008.90000000001,138012.282,69006.141,21001.869000000002,72006.408
LAMPUNG,KAB. TULANG BAWANG BARAT,228020.29200000002,204018.15600000002,168014.95200000002,100008.90000000001,174015.486,24002.136000000002,21001.869000000002,81007.209
LAMPUNG,KAB. PESISIR BARAT,264023.496,186016.554,150013.35,100008.90000000001,111009.879,138012.282,18001.602,33002.937
LAMPUNG,KOTA BANDAR LAMPUNG,366032.574,36003.204,198017.622,100008.90000000001,207018.42299999998,21001.869000000002,45004.005,27002.403
LAMPUNG,KOTA METRO,384034.17600000004,84007.47600000001,132011.748,100008.90000000001,183016.287,33002.937,18001.602,66005.874
KEPULAUAN BANGKA BELITUNG,KAB. BANGKA,378033.642,132011.748,90008.01,100008.90000000001,63005.607,63005.607,144012.816,30002.670000000002
KEPULAUAN BANGKA BELITUNG,KAB. BELITUNG,462041.118,48004.272000000004,90008.01,100008.90000000001,90008.01,27002.403,51004.539000000004,132011.748
KEPULAUAN BANGKA BELITUNG,KAB. BANGKA SELATAN,510045.39,42003.738000000005,48004.272000000004,100008.90000000001,96008.54400000001,81007.209,69006.141,54004.806
KEPULAUAN BANGKA BELITUNG,KAB. BANGKA TENGAH,234020.82600000003,204018.15600000002,162014.418,100008.90000000001,18001.602,33002.937,231020.559,18001.602
KEPULAUAN BANGKA BELITUNG,KAB. BANGKA BARAT,354031.506,36003.204,210018.69,100008.90000000001,45004.005,18001.602,54004.806,183016.287
KEPULAUAN BANGKA BELITUNG,KAB. BELITUNG TIMUR,306027.234,246021.894,48004.272000000004,100008.90000000001,48004.272000000004,18001.602,135012.015,99008.811
KEPULAUAN BANGKA BELITUNG,KOTA PANGKAL PINANG,306027.234,126011.214,168014.95200000002,100008.90000000001,81007.209,27002.403,90008.01,102009.07800000001
KEPULAUAN RIAU,KAB. BINTAN,198017.622,312027.76800000004,90008.01,100008.90000000001,159014.151,72006.408,51004.539000000004,18001.602
KEPULAUAN RIAU,KAB. KARIMUN,150013.35,324028.836,126011.214,100008.90000000001,18001.602,225020.02500000002,21001.869000000002,36003.204
KEPULAUAN RIAU,KAB. NATUNA,348030.972,120010.68000000001,132011.748,100008.90000000001,36003.204,72006.408,78006.94200000001,114010.14600000001
KEPULAUAN RIAU,KAB. LINGGA,204018.15600000002,276024.564,120010.68000000001,100008.90000000001,54004.806,24002.136000000002,78006.94200000001,144012.816
KEPULAUAN RIAU,KAB. KEPULAUAN ANAMBAS,66005.874,108009.612,426037.914,100008.90000000001,57005.073000000004,69006.141,84007.47600000001,90008.01
KEPULAUAN RIAU,KOTA BATAM,276024.564,246021.894,78006.94200000001,100008.90000000001,21001.869000000002,204018.15600000002,57005.073000000004,18001.602
KEPULAUAN RIAU,KOTA TANJUNG PINANG,348030.972,66005.874,186016.554,100008.90000000001,30002.670000000002,78006.94200000001,108009.612,84007.47600000001
DKI JAKARTA,KAB. ADM. KEP. SERIBU,138012.282,276024.564,186016.554,100008.90000000001,84007.47600000001,138012.282,42003.738000000005,36003.204
DKI JAKARTA,KOTA ADM. JAKARTA PUSAT,180016.02,300026.7,120010.68000000001,100008.90000000001,27002.403,186016.554,51004.539000000004,36003.204
DKI JAKARTA,KOTA ADM. JAKARTA UTARA,366032.574,150013.35,84007.47600000001,100008.90000000001,132011.748,99008.811,24002.136000000002,45004.005
DKI JAKARTA,KOTA ADM. JAKARTA BARAT,258022.962,186016.554,156013.88400000002,100008.90000000001,192017.08800000002,30002.670000000002,48004.272000000004,30002.670000000002
DKI JAKARTA,KOTA ADM. JAKARTA SELATAN,48004.272000000004,72006.408,480042.72000000003,100008.90000000001,84007.47600000001,63005.607,135012.015,18001.602
DKI JAKARTA,KOTA ADM. JAKARTA TIMUR,282025.098,222019.758,96008.54400000001,100008.90000000001,24002.136000000002,171015.21899999998,33002.937,72006.408
JAWA BARAT,KAB. BOGOR,294026.166,246021.894,60005.340000000004,100008.90000000001,150013.35,51004.539000000004,54004.806,45004.005
JAWA BARAT,KAB. SUKABUMI,78006.94200000001,48004.272000000004,474042.18600000005,100008.90000000001,57005.073000000004,174015.486,33002.937,36003.204
JAWA BARAT,KAB. CIANJUR,378033.642,126011.214,96008.54400000001,100008.90000000001,189016.821,63005.607,21001.869000000002,27002.403
JAWA BARAT,KAB. BANDUNG,150013.35,396035.244,54004.806,100008.90000000001,141012.549,90008.01,21001.869000000002,48004.272000000004
JAWA BARAT,KAB. GARUT,96008.54400000001,198017.622,306027.234,100008.90000000001,87007.743,51004.539000000004,144012.816,18001.602
JAWA BARAT,KAB. TASIKMALAYA,144012.816,198017.622,258022.962,100008.90000000001,36003.204,27002.403,156013.88400000002,81007.209
JAWA BARAT,KAB. CIAMIS,420037.38,78006.94200000001,102009.07800000001,100008.90000000001,198017.622,30002.670000000002,30002.670000000002,42003.738000000005
JAWA BARAT,KAB. KUNINGAN,102009.07800000001,306027.234,192017.08800000002,100008.90000000001,213018.957,39003.471000000005,18001.602,30002.670000000002
JAWA BARAT,KAB. CIREBON,366032.574,198017.622,36003.204,100008.90000000001,114010.14600000001,108009.612,18001.602,60005.340000000004
JAWA BARAT,KAB. MAJALENGKA,270024.03,144012.816,186016.554,100008.90000000001,51004.539000000004,189016.821,24002.136000000002,36003.204
JAWA BARAT,KAB. SUMEDANG,288025.632,234020.82600000003,78006.94200000001,100008.90000000001,63005.607,42003.738000000005,165014.68500000003,30002.670000000002
JAWA BARAT,KAB. INDRAMAYU,60005.340000000004,258022.962,282025.098,100008.90000000001,180016.02,57005.073000000004,27002.403,36003.204
JAWA BARAT,KAB. SUBANG,324028.836,102009.07800000001,174015.486,100008.90000000001,123010.947,90008.01,51004.539000000004,36003.204
JAWA BARAT,KAB. PURWAKARTA,354031.506,174015.486,72006.408,100008.90000000001,81007.209,120010.68000000001,69006.141,30002.670000000002
JAWA BARAT,KAB. KARAWANG,186016.554,312027.76800000004,102009.07800000001,100008.90000000001,57005.073000000004,39003.471000000005,48004.272000000004,156013.88400000002
JAWA BARAT,KAB. BEKASI,510045.39,48004.272000000004,42003.738000000005,100008.90000000001,102009.07800000001,87007.743,42003.738000000005,69006.141
JAWA BARAT,KAB. BANDUNG BARAT,300026.7,228020.29200000002,72006.408,100008.90000000001,69006.141,117010.41300000002,60005.340000000004,54004.806
JAWA BARAT,KAB. PANGANDARAN,246021.894,66005.874,288025.632,100008.90000000001,30002.670000000002,87007.743,117010.41300000002,66005.874
JAWA BARAT,KOTA BOGOR,282025.098,162014.418,156013.88400000002,100008.90000000001,117010.41300000002,87007.743,24002.136000000002,72006.408
JAWA BARAT,KOTA SUKABUMI,120010.68000000001,294026.166,186016.554,100008.90000000001,147013.083,69006.141,24002.136000000002,60005.340000000004
JAWA BARAT,KOTA BANDUNG,144012.816,120010.68000000001,336029.90400000004,100008.90000000001,201017.88900000002,57005.073000000004,21001.869000000002,21001.869000000002
JAWA BARAT,KOTA CIREBON,480042.72000000003,36003.204,84007.47600000001,100008.90000000001,129011.481,27002.403,102009.07800000001,42003.738000000005
JAWA BARAT,KOTA BEKASI,216019.224,276024.564,108009.612,100008.90000000001,141012.549,84007.47600000001,42003.738000000005,33002.937
JAWA BARAT,KOTA DEPOK,234020.82600000003,84007.47600000001,282025.098,100008.90000000001,81007.209,120010.68000000001,51004.539000000004,48004.272000000004
JAWA BARAT,KOTA CIMAHI,108009.612,252022.428,240021.36000000002,100008.90000000001,57005.073000000004,48004.272000000004,135012.015,60005.340000000004
JAWA BARAT,KOTA TASIKMALAYA,330029.37000000005,126011.214,144012.816,100008.90000000001,111009.879,93008.277,45004.005,51004.539000000004
JAWA BARAT,KOTA BANJAR,42003.738000000005,312027.76800000004,246021.894,100008.90000000001,66005.874,120010.68000000001,21001.869000000002,93008.277
JAWA TENGAH,KAB. CILACAP,456040.58400000003,72006.408,72006.408,100008.90000000001,195017.355,21001.869000000002,33002.937,51004.539000000004
JAWA TENGAH,KAB. BANYUMAS,120010.68000000001,396035.244,84007.47600000001,100008.90000000001,54004.806,24002.136000000002,171015.21899999998,51004.539000000004
JAWA TENGAH,KAB. PURBALINGGA,372033.108,48004.272000000004,180016.02,100008.90000000001,93008.277,33002.937,45004.005,129011.481
JAWA TENGAH,KAB. BANJARNEGARA,126011.214,84007.47600000001,390034.71,100008.90000000001,135012.015,72006.408,66005.874,27002.403
JAWA TENGAH,KAB. KEBUMEN,330029.37000000005,60005.340000000004,210018.69,100008.90000000001,51004.539000000004,174015.486,45004.005,30002.670000000002
JAWA TENGAH,KAB. PURWOREJO,426037.914,132011.748,42003.738000000005,100008.90000000001,57005.073000000004,114010.14600000001,78006.94200000001,51004.539000000004
JAWA TENGAH,KAB. WONOSOBO,318028.302,174015.486,108009.612,100008.90000000001,63005.607,66005.874,75006.675,96008.54400000001
JAWA TENGAH,KAB. MAGELANG,282025.098,282025.098,36003.204,100008.90000000001,69006.141,21001.869000000002,96008.54400000001,114010.14600000001
JAWA TENGAH,KAB. BOYOLALI,432038.448,66005.874,102009.07800000001,100008.90000000001,102009.07800000001,129011.481,30002.670000000002,39003.471000000005
JAWA TENGAH,KAB. KLATEN,396035.244,156013.88400000002,48004.272000000004,100008.90000000001,147013.083,72006.408,45004.005,36003.204
JAWA TENGAH,KAB. SUKOHARJO,120010.68000000001,156013.88400000002,324028.836,100008.90000000001,33002.937,132011.748,114010.14600000001,21001.869000000002
JAWA TENGAH,KAB. WONOGIRI,312027.76800000004,222019.758,66005.874,100008.90000000001,108009.612,96008.54400000001,39003.471000000005,57005.073000000004
JAWA TENGAH,KAB. KARANGANYAR,324028.836,234020.82600000003,42003.738000000005,100008.90000000001,24002.136000000002,183016.287,39003.471000000005,54004.806
JAWA TENGAH,KAB. SRAGEN,378033.642,48004.272000000004,174015.486,100008.90000000001,84007.47600000001,117010.41300000002,24002.136000000002,75006.675
JAWA TENGAH,KAB. GROBOGAN,48004.272000000004,414036.84599999996,138012.282,100008.90000000001,159014.151,69006.141,33002.937,39003.471000000005
JAWA TENGAH,KAB. BLORA,282025.098,36003.204,282025.098,100008.90000000001,24002.136000000002,183016.287,39003.471000000005,54004.806
JAWA TENGAH,KAB. REMBANG,156013.88400000002,102009.07800000001,342030.43799999997,100008.90000000001,114010.14600000001,33002.937,66005.874,87007.743
JAWA TENGAH,KAB. PATI,264023.496,42003.738000000005,294026.166,100008.90000000001,69006.141,129011.481,18001.602,84007.47600000001
JAWA TENGAH,KAB. KUDUS,54004.806,66005.874,480042.72000000003,100008.90000000001,153013.617,42003.738000000005,42003.738000000005,63005.607
JAWA TENGAH,KAB. JEPARA,204018.15600000002,120010.68000000001,276024.564,100008.90000000001,132011.748,60005.340000000004,48004.272000000004,60005.340000000004
JAWA TENGAH,KAB. DEMAK,390034.71,78006.94200000001,132011.748,100008.90000000001,78006.94200000001,126011.214,36003.204,60005.340000000004
JAWA TENGAH,KAB. SEMARANG,150013.35,390034.71,60005.340000000004,100008.90000000001,51004.539000000004,87007.743,18001.602,144012.816
JAWA TENGAH,KAB. TEMANGGUNG,402035.77800000005,120010.68000000001,78006.94200000001,100008.90000000001,48004.272000000004,18001.602,120010.68000000001,114010.14600000001
JAWA TENGAH,KAB. KENDAL,132011.748,216019.224,252022.428,100008.90000000001,48004.272000000004,93008.277,114010.14600000001,45004.005
JAWA TENGAH,KAB. BATANG,468041.65200000006,90008.01,42003.738000000005,100008.90000000001,102009.07800000001,117010.41300000002,54004.806,27002.403
JAWA TENGAH,KAB. PEKALONGAN,72006.408,438038.982,90008.01,100008.90000000001,198017.622,60005.340000000004,18001.602,24002.136000000002
JAWA TENGAH,KAB. PEMALANG,42003.738000000005,102009.07800000001,456040.58400000003,100008.90000000001,105009.345,21001.869000000002,75006.675,99008.811
JAWA TENGAH,KAB. TEGAL,330029.37000000005,216019.224,54004.806,100008.90000000001,156013.88400000002,63005.607,33002.937,48004.272000000004
JAWA TENGAH,KAB. BREBES,216019.224,180016.02,204018.15600000002,100008.90000000001,117010.41300000002,30002.670000000002,132011.748,21001.869000000002
JAWA TENGAH,KOTA MAGELANG,48004.272000000004,438038.982,114010.14600000001,100008.90000000001,78006.94200000001,147013.083,42003.738000000005,33002.937
JAWA TENGAH,KOTA SURAKARTA,78006.94200000001,108009.612,414036.84599999996,100008.90000000001,93008.277,105009.345,30002.670000000002,72006.408
JAWA TENGAH,KOTA SALATIGA,300026.7,168014.95200000002,132011.748,100008.90000000001,162014.418,93008.277,18001.602,27002.403
JAWA TENGAH,KOTA SEMARANG,156013.88400000002,162014.418,282025.098,100008.90000000001,225020.02500000002,36003.204,21001.869000000002,18001.602
JAWA TENGAH,KOTA PEKALONGAN,342030.43799999997,84007.47600000001,174015.486,100008.90000000001,171015.21899999998,60005.340000000004,24002.136000000002,45004.005
JAWA TENGAH,KOTA TEGAL,48004.272000000004,72006.408,480042.72000000003,100008.90000000001,75006.675,24002.136000000002,153013.617,48004.272000000004
DAERAH ISTIMEWA YOGYAKARTA,KAB. KULON PROGO,72006.408,66005.874,462041.118,100008.90000000001,189016.821,39003.471000000005,18001.602,54004.806
DAERAH ISTIMEWA YOGYAKARTA,KAB. BANTUL,408036.31200000003,36003.204,156013.88400000002,100008.90000000001,18001.602,171015.21899999998,66005.874,45004.005
DAERAH ISTIMEWA YOGYAKARTA,KAB. GUNUNGKIDUL,384034.17600000004,78006.94200000001,138012.282,100008.90000000001,81007.209,114010.14600000001,75006.675,30002.670000000002
DAERAH ISTIMEWA YOGYAKARTA,KAB. SLEMAN,108009.612,342030.43799999997,150013.35,100008.90000000001,114010.14600000001,54004.806,114010.14600000001,18001.602
DAERAH ISTIMEWA YOGYAKARTA,KOTA YOGYAKARTA,126011.214,252022.428,222019.758,100008.90000000001,129011.481,48004.272000000004,81007.209,42003.738000000005
JAWA TIMUR,KAB. PACITAN,138012.282,60005.340000000004,402035.77800000005,100008.90000000001,111009.879,51004.539000000004,99008.811,39003.471000000005
JAWA TIMUR,KAB. PONOROGO,114010.14600000001,108009.612,378033.642,100008.90000000001,39003.471000000005,111009.879,30002.670000000002,120010.68000000001
JAWA TIMUR,KAB. TRENGGALEK,264023.496,72006.408,264023.496,100008.90000000001,183016.287,57005.073000000004,24002.136000000002,36003.204
JAWA TIMUR,KAB. TULUNGAGUNG,192017.08800000002,36003.204,372033.108,100008.90000000001,180016.02,66005.874,33002.937,21001.869000000002
JAWA TIMUR,KAB. BLITAR,396035.244,36003.204,168014.95200000002,100008.90000000001,132011.748,54004.806,42003.738000000005,72006.408
JAWA TIMUR,KAB. KEDIRI,102009.07800000001,174015.486,324028.836,100008.90000000001,81007.209,138012.282,39003.471000000005,42003.738000000005
JAWA TIMUR,KAB. MALANG,462041.118,72006.408,66005.874,100008.90000000001,117010.41300000002,105009.345,30002.670000000002,48004.272000000004
JAWA TIMUR,KAB. LUMAJANG,282025.098,186016.554,132011.748,100008.90000000001,180016.02,21001.869000000002,69006.141,30002.670000000002
JAWA TIMUR,KAB. JEMBER,156013.88400000002,78006.94200000001,366032.574,100008.90000000001,60005.340000000004,36003.204,57005.073000000004,147013.083
JAWA TIMUR,KAB. BANYUWANGI,342030.43799999997,60005.340000000004,198017.622,100008.90000000001,210018.69,39003.471000000005,30002.670000000002,21001.869000000002
JAWA TIMUR,KAB. BONDOWOSO,120010.68000000001,378033.642,102009.07800000001,100008.90000000001,147013.083,87007.743,48004.272000000004,18001.602
JAWA TIMUR,KAB. SITUBONDO,84007.47600000001,66005.874,450040.05000000005,100008.90000000001,87007.743,168014.95200000002,18001.602,27002.403
JAWA TIMUR,KAB. PROBOLINGGO,288025.632,186016.554,126011.214,100008.90000000001,99008.811,123010.947,39003.471000000005,39003.471000000005
JAWA TIMUR,KAB. PASURUAN,432038.448,126011.214,42003.738000000005,100008.90000000001,168014.95200000002,33002.937,27002.403,72006.408
JAWA TIMUR,KAB. SIDOARJO,456040.58400000003,66005.874,78006.94200000001,100008.90000000001,48004.272000000004,63005.607,141012.549,48004.272000000004
JAWA TIMUR,KAB. MOJOKERTO,180016.02,282025.098,138012.282,100008.90000000001,102009.07800000001,45004.005,117010.41300000002,36003.204
JAWA TIMUR,KAB. JOMBANG,492043.788,60005.340000000004,48004.272000000004,100008.90000000001,207018.42299999998,27002.403,36003.204,30002.670000000002
JAWA TIMUR,KAB. NGANJUK,360032.04,198017.622,42003.738000000005,100008.90000000001,75006.675,156013.88400000002,27002.403,42003.738000000005
JAWA TIMUR,KAB. MADIUN,504044.856,36003.204,60005.340000000004,100008.90000000001,171015.21899999998,18001.602,60005.340000000004,51004.539000000004
JAWA TIMUR,KAB. MAGETAN,54004.806,372033.108,174015.486,100008.90000000001,54004.806,81007.209,138012.282,27002.403
JAWA TIMUR,KAB. NGAWI,108009.612,54004.806,438038.982,100008.90000000001,132011.748,93008.277,48004.272000000004,27002.403
JAWA TIMUR,KAB. BOJONEGORO,462041.118,72006.408,66005.874,100008.90000000001,165014.68500000003,36003.204,60005.340000000004,39003.471000000005
JAWA TIMUR,KAB. TUBAN,186016.554,66005.874,348030.972,100008.90000000001,192017.08800000002,24002.136000000002,39003.471000000005,45004.005
JAWA TIMUR,KAB. LAMONGAN,432038.448,96008.54400000001,72006.408,100008.90000000001,78006.94200000001,111009.879,84007.47600000001,27002.403
JAWA TIMUR,KAB. GRESIK,114010.14600000001,222019.758,264023.496,100008.90000000001,171015.21899999998,57005.073000000004,45004.005,27002.403
JAWA TIMUR,KAB. BANGKALAN,486043.2540000001,48004.272000000004,66005.874,100008.90000000001,111009.879,21001.869000000002,69006.141,99008.811
JAWA TIMUR,KAB. SAMPANG,288025.632,252022.428,60005.340000000004,100008.90000000001,33002.937,108009.612,48004.272000000004,111009.879
JAWA TIMUR,KAB. PAMEKASAN,330029.37000000005,156013.88400000002,114010.14600000001,100008.90000000001,60005.340000000004,57005.073000000004,150013.35,33002.937
JAWA TIMUR,KAB. SUMENEP,66005.874,114010.14600000001,420037.38,100008.90000000001,105009.345,42003.738000000005,96008.54400000001,57005.073000000004
JAWA TIMUR,KOTA KEDIRI,480042.72000000003,66005.874,54004.806,100008.90000000001,18001.602,111009.879,135012.015,36003.204
JAWA TIMUR,KOTA BLITAR,132011.748,228020.29200000002,240021.36000000002,100008.90000000001,216019.224,30002.670000000002,36003.204,18001.602
JAWA TIMUR,KOTA MALANG,342030.43799999997,78006.94200000001,180016.02,100008.90000000001,21001.869000000002,108009.612,144012.816,27002.403
JAWA TIMUR,KOTA PROBOLINGGO,54004.806,438038.982,108009.612,100008.90000000001,60005.340000000004,57005.073000000004,90008.01,93008.277
JAWA TIMUR,KOTA PASURUAN,336029.90400000004,180016.02,84007.47600000001,100008.90000000001,120010.68000000001,39003.471000000005,81007.209,60005.340000000004
JAWA TIMUR,KOTA MOJOKERTO,126011.214,138012.282,336029.90400000004,100008.90000000001,90008.01,60005.340000000004,63005.607,87007.743
JAWA TIMUR,KOTA MADIUN,156013.88400000002,348030.972,96008.54400000001,100008.90000000001,138012.282,18001.602,108009.612,36003.204
JAWA TIMUR,KOTA SURABAYA,378033.642,186016.554,36003.204,100008.90000000001,177015.753,57005.073000000004,18001.602,48004.272000000004
JAWA TIMUR,KOTA BATU,270024.03,150013.35,180016.02,100008.90000000001,126011.214,63005.607,57005.073000000004,54004.806
BANTEN,KAB. PANDEGLANG,432038.448,132011.748,36003.204,100008.90000000001,129011.481,66005.874,75006.675,30002.670000000002
BANTEN,KAB. LEBAK,84007.47600000001,222019.758,294026.166,100008.90000000001,48004.272000000004,117010.41300000002,63005.607,72006.408
BANTEN,KAB. TANGERANG,486043.2540000001,36003.204,78006.94200000001,100008.90000000001,21001.869000000002,105009.345,72006.408,102009.07800000001
BANTEN,KAB. SERANG,210018.69,168014.95200000002,222019.758,100008.90000000001,177015.753,51004.539000000004,39003.471000000005,33002.937
BANTEN,KOTA TANGERANG,180016.02,102009.07800000001,318028.302,100008.90000000001,204018.15600000002,45004.005,18001.602,33002.937
BANTEN,KOTA CILEGON,150013.35,66005.874,384034.17600000004,100008.90000000001,57005.073000000004,126011.214,66005.874,51004.539000000004
BANTEN,KOTA SERANG,528046.992,36003.204,36003.204,100008.90000000001,39003.471000000005,120010.68000000001,105009.345,36003.204
BANTEN,KOTA TANGERANG SELATAN,456040.58400000003,42003.738000000005,102009.07800000001,100008.90000000001,72006.408,111009.879,84007.47600000001,33002.937
BALI,KAB. JEMBRANA,282025.098,138012.282,180016.02,100008.90000000001,66005.874,63005.607,93008.277,78006.94200000001
BALI,KAB. TABANAN,414036.84599999996,150013.35,36003.204,100008.90000000001,66005.874,48004.272000000004,63005.607,123010.947
BALI,KAB. BADUNG,414036.84599999996,144012.816,42003.738000000005,100008.90000000001,18001.602,171015.21899999998,48004.272000000004,63005.607
BALI,KAB. GIANYAR,174015.486,162014.418,264023.496,100008.90000000001,57005.073000000004,126011.214,24002.136000000002,93008.277
BALI,KAB. KLUNGKUNG,42003.738000000005,348030.972,210018.69,100008.90000000001,21001.869000000002,189016.821,69006.141,21001.869000000002
BALI,KAB. BANGLI,252022.428,48004.272000000004,300026.7,100008.90000000001,147013.083,75006.675,51004.539000000004,27002.403
BALI,KAB. KARANGASEM,204018.15600000002,342030.43799999997,54004.806,100008.90000000001,30002.670000000002,93008.277,72006.408,105009.345
BALI,KAB. BULELENG,66005.874,462041.118,72006.408,100008.90000000001,147013.083,90008.01,39003.471000000005,24002.136000000002
BALI,KOTA DENPASAR,312027.76800000004,240021.36000000002,48004.272000000004,100008.90000000001,138012.282,120010.68000000001,18001.602,24002.136000000002
NUSA TENGGARA BARAT,KAB. LOMBOK BARAT,66005.874,396035.244,138012.282,100008.90000000001,150013.35,54004.806,39003.471000000005,57005.073000000004
NUSA TENGGARA BARAT,KAB. LOMBOK TENGAH,396035.244,162014.418,42003.738000000005,100008.90000000001,132011.748,63005.607,72006.408,33002.937
NUSA TENGGARA BARAT,KAB. LOMBOK TIMUR,390034.71,120010.68000000001,90008.01,100008.90000000001,222019.758,36003.204,21001.869000000002,21001.869000000002
NUSA TENGGARA BARAT,KAB. SUMBAWA,462041.118,72006.408,66005.874,100008.90000000001,189016.821,63005.607,30002.670000000002,18001.602
NUSA TENGGARA BARAT,KAB. DOMPU,384034.17600000004,72006.408,144012.816,100008.90000000001,168014.95200000002,72006.408,42003.738000000005,18001.602
NUSA TENGGARA BARAT,KAB. BIMA,342030.43799999997,108009.612,150013.35,100008.90000000001,57005.073000000004,75006.675,36003.204,132011.748
NUSA TENGGARA BARAT,KAB. SUMBAWA BARAT,204018.15600000002,360032.04,36003.204,100008.90000000001,165014.68500000003,51004.539000000004,66005.874,18001.602
NUSA TENGGARA BARAT,KAB. LOMBOK UTARA,192017.08800000002,120010.68000000001,288025.632,100008.90000000001,144012.816,93008.277,24002.136000000002,39003.471000000005
NUSA TENGGARA BARAT,KOTA MATARAM,210018.69,120010.68000000001,270024.03,100008.90000000001,111009.879,21001.869000000002,57005.073000000004,111009.879
NUSA TENGGARA BARAT,KOTA BIMA,252022.428,162014.418,186016.554,100008.90000000001,234020.82600000003,18001.602,30002.670000000002,18001.602
NUSA TENGGARA TIMUR,KAB. KUPANG,318028.302,66005.874,216019.224,100008.90000000001,117010.41300000002,18001.602,78006.94200000001,87007.743
NUSA TENGGARA TIMUR,KAB TIMOR TENGAH SELATAN,378033.642,54004.806,168014.95200000002,100008.90000000001,27002.403,72006.408,81007.209,120010.68000000001
NUSA TENGGARA TIMUR,KAB. TIMOR TENGAH UTARA,120010.68000000001,330029.37000000005,150013.35,100008.90000000001,42003.738000000005,36003.204,153013.617,69006.141
NUSA TENGGARA TIMUR,KAB. BELU,198017.622,306027.234,96008.54400000001,100008.90000000001,60005.340000000004,33002.937,99008.811,108009.612
NUSA TENGGARA TIMUR,KAB. ALOR,486043.2540000001,72006.408,42003.738000000005,100008.90000000001,48004.272000000004,48004.272000000004,141012.549,63005.607
NUSA TENGGARA TIMUR,KAB. FLORES TIMUR,222019.758,288025.632,90008.01,100008.90000000001,42003.738000000005,99008.811,27002.403,132011.748
NUSA TENGGARA TIMUR,KAB. SIKKA,456040.58400000003,96008.54400000001,48004.272000000004,100008.90000000001,54004.806,75006.675,63005.607,108009.612
NUSA TENGGARA TIMUR,KAB. ENDE,234020.82600000003,186016.554,180016.02,100008.90000000001,147013.083,30002.670000000002,30002.670000000002,93008.277
NUSA TENGGARA TIMUR,KAB. NGADA,156013.88400000002,102009.07800000001,342030.43799999997,100008.90000000001,36003.204,27002.403,213018.957,24002.136000000002
NUSA TENGGARA TIMUR,KAB. MANGGARAI,306027.234,234020.82600000003,60005.340000000004,100008.90000000001,63005.607,99008.811,93008.277,45004.005
NUSA TENGGARA TIMUR,KAB. SUMBA TIMUR,150013.35,288025.632,162014.418,100008.90000000001,24002.136000000002,234020.82600000003,18001.602,24002.136000000002
NUSA TENGGARA TIMUR,KAB. SUMBA BARAT,354031.506,108009.612,138012.282,100008.90000000001,150013.35,81007.209,30002.670000000002,39003.471000000005
NUSA TENGGARA TIMUR,KAB. LEMBATA,60005.340000000004,414036.84599999996,126011.214,100008.90000000001,33002.937,102009.07800000001,54004.806,111009.879
NUSA TENGGARA TIMUR,KAB. ROTE NDAO,162014.418,204018.15600000002,234020.82600000003,100008.90000000001,183016.287,24002.136000000002,75006.675,18001.602
NUSA TENGGARA TIMUR,KAB. MANGGARAI BARAT,90008.01,402035.77800000005,108009.612,100008.90000000001,72006.408,177015.753,21001.869000000002,30002.670000000002
NUSA TENGGARA TIMUR,KAB. NAGEKEO,120010.68000000001,408036.31200000003,72006.408,100008.90000000001,114010.14600000001,57005.073000000004,18001.602,111009.879
NUSA TENGGARA TIMUR,KAB. SUMBA TENGAH,42003.738000000005,180016.02,378033.642,100008.90000000001,141012.549,81007.209,60005.340000000004,18001.602
NUSA TENGGARA TIMUR,KAB. SUMBA BARAT DAYA,54004.806,354031.506,192017.08800000002,100008.90000000001,159014.151,30002.670000000002,27002.403,84007.47600000001
NUSA TENGGARA TIMUR,KAB. MANGGARAI TIMUR,246021.894,240021.36000000002,114010.14600000001,100008.90000000001,66005.874,129011.481,42003.738000000005,63005.607
NUSA TENGGARA TIMUR,KAB. SABU RAIJUA,366032.574,156013.88400000002,78006.94200000001,100008.90000000001,81007.209,33002.937,24002.136000000002,162014.418
NUSA TENGGARA TIMUR,KAB. MALAKA,96008.54400000001,168014.95200000002,336029.90400000004,100008.90000000001,90008.01,69006.141,51004.539000000004,90008.01
NUSA TENGGARA TIMUR,KOTA KUPANG,210018.69,126011.214,264023.496,100008.90000000001,150013.35,60005.340000000004,42003.738000000005,48004.272000000004
KALIMANTAN BARAT,KAB. SAMBAS,192017.08800000002,144012.816,264023.496,100008.90000000001,102009.07800000001,66005.874,57005.073000000004,75006.675
KALIMANTAN BARAT,KAB. MEMPAWAH,90008.01,444039.516,66005.874,100008.90000000001,30002.670000000002,192017.08800000002,57005.073000000004,21001.869000000002
KALIMANTAN BARAT,KAB. SANGGAU,288025.632,108009.612,204018.15600000002,100008.90000000001,204018.15600000002,39003.471000000005,27002.403,30002.670000000002
KALIMANTAN BARAT,KAB. KETAPANG,426037.914,84007.47600000001,90008.01,100008.90000000001,108009.612,69006.141,93008.277,30002.670000000002
KALIMANTAN BARAT,KAB. SINTANG,120010.68000000001,246021.894,234020.82600000003,100008.90000000001,222019.758,24002.136000000002,27002.403,27002.403
KALIMANTAN BARAT,KAB. KAPUAS HULU,216019.224,48004.272000000004,336029.90400000004,100008.90000000001,162014.418,27002.403,45004.005,66005.874
KALIMANTAN BARAT,KAB. BENGKAYANG,126011.214,186016.554,288025.632,100008.90000000001,42003.738000000005,117010.41300000002,54004.806,87007.743
KALIMANTAN BARAT,KAB. LANDAK,258022.962,306027.234,36003.204,100008.90000000001,120010.68000000001,81007.209,75006.675,24002.136000000002
KALIMANTAN BARAT,KAB. SEKADAU,330029.37000000005,36003.204,234020.82600000003,100008.90000000001,195017.355,24002.136000000002,54004.806,27002.403
KALIMANTAN BARAT,KAB. MELAWI,78006.94200000001,78006.94200000001,444039.516,100008.90000000001,120010.68000000001,72006.408,57005.073000000004,51004.539000000004
KALIMANTAN BARAT,KAB. KAYONG UTARA,42003.738000000005,378033.642,180016.02,100008.90000000001,177015.753,45004.005,51004.539000000004,27002.403
KALIMANTAN BARAT,KAB. KUBU RAYA,390034.71,132011.748,78006.94200000001,100008.90000000001,120010.68000000001,111009.879,39003.471000000005,30002.670000000002
KALIMANTAN BARAT,KOTA PONTIANAK,96008.54400000001,258022.962,246021.894,100008.90000000001,156013.88400000002,84007.47600000001,33002.937,27002.403
KALIMANTAN BARAT,KOTA SINGKAWANG,246021.894,234020.82600000003,120010.68000000001,100008.90000000001,54004.806,60005.340000000004,99008.811,87007.743
KALIMANTAN TENGAH,KAB. KOTAWARINGIN BARAT,306027.234,114010.14600000001,180016.02,100008.90000000001,60005.340000000004,138012.282,75006.675,27002.403
KALIMANTAN TENGAH,KAB. KOTAWARINGIN TIMUR,504044.856,54004.806,42003.738000000005,100008.90000000001,207018.42299999998,18001.602,48004.272000000004,27002.403
KALIMANTAN TENGAH,KAB. KAPUAS,72006.408,414036.84599999996,114010.14600000001,100008.90000000001,234020.82600000003,18001.602,24002.136000000002,24002.136000000002
KALIMANTAN TENGAH,KAB. BARITO SELATAN,360032.04,84007.47600000001,156013.88400000002,100008.90000000001,186016.554,21001.869000000002,60005.340000000004,33002.937
KALIMANTAN TENGAH,KAB. BARITO UTARA,114010.14600000001,234020.82600000003,252022.428,100008.90000000001,132011.748,21001.869000000002,18001.602,129011.481
KALIMANTAN TENGAH,KAB. KATINGAN,246021.894,72006.408,282025.098,100008.90000000001,147013.083,39003.471000000005,93008.277,21001.869000000002
KALIMANTAN TENGAH,KAB. SERUYAN,150013.35,372033.108,78006.94200000001,100008.90000000001,177015.753,39003.471000000005,27002.403,57005.073000000004
KALIMANTAN TENGAH,KAB. SUKAMARA,252022.428,78006.94200000001,270024.03,100008.90000000001,126011.214,24002.136000000002,111009.879,39003.471000000005
KALIMANTAN TENGAH,KAB. LAMANDAU,54004.806,468041.65200000006,78006.94200000001,100008.90000000001,117010.41300000002,69006.141,45004.005,69006.141
KALIMANTAN TENGAH,KAB. GUNUNG MAS,438038.982,48004.272000000004,114010.14600000001,100008.90000000001,63005.607,51004.539000000004,147013.083,39003.471000000005
KALIMANTAN TENGAH,KAB. PULANG PISAU,186016.554,198017.622,216019.224,100008.90000000001,57005.073000000004,165014.68500000003,33002.937,45004.005
KALIMANTAN TENGAH,KAB. MURUNG RAYA,120010.68000000001,318028.302,162014.418,100008.90000000001,120010.68000000001,18001.602,54004.806,108009.612
KALIMANTAN TENGAH,KAB. BARITO TIMUR,504044.856,36003.204,60005.340000000004,100008.90000000001,120010.68000000001,84007.47600000001,69006.141,27002.403
KALIMANTAN TENGAH,KOTA PALANGKARAYA,228020.29200000002,264023.496,108009.612,100008.90000000001,207018.42299999998,18001.602,48004.272000000004,27002.403
KALIMANTAN SELATAN,KAB. TANAH LAUT,162014.418,138012.282,300026.7,100008.90000000001,84007.47600000001,60005.340000000004,39003.471000000005,117010.41300000002
KALIMANTAN SELATAN,KAB. KOTABARU,114010.14600000001,114010.14600000001,372033.108,100008.90000000001,39003.471000000005,33002.937,201017.88900000002,27002.403
KALIMANTAN SELATAN,KAB. BANJAR,294026.166,264023.496,42003.738000000005,100008.90000000001,99008.811,54004.806,18001.602,129011.481
KALIMANTAN SELATAN,KAB. BARITO KUALA,378033.642,186016.554,36003.204,100008.90000000001,93008.277,63005.607,42003.738000000005,102009.07800000001
KALIMANTAN SELATAN,KAB. TAPIN,420037.38,108009.612,72006.408,100008.90000000001,48004.272000000004,90008.01,78006.94200000001,84007.47600000001
KALIMANTAN SELATAN,KAB. HULU SUNGAI SELATAN,276024.564,186016.554,138012.282,100008.90000000001,30002.670000000002,186016.554,66005.874,18001.602
KALIMANTAN SELATAN,KAB. HULU SUNGAI TENGAH,54004.806,336029.90400000004,210018.69,100008.90000000001,27002.403,69006.141,168014.95200000002,36003.204
KALIMANTAN SELATAN,KAB. HULU SUNGAI UTARA,402035.77800000005,108009.612,90008.01,100008.90000000001,51004.539000000004,51004.539000000004,153013.617,45004.005
KALIMANTAN SELATAN,KAB. TABALONG,90008.01,330029.37000000005,180016.02,100008.90000000001,42003.738000000005,117010.41300000002,39003.471000000005,102009.07800000001
KALIMANTAN SELATAN,KAB. TANAH BUMBU,318028.302,90008.01,192017.08800000002,100008.90000000001,186016.554,18001.602,57005.073000000004,39003.471000000005
KALIMANTAN SELATAN,KAB. BALANGAN,204018.15600000002,312027.76800000004,84007.47600000001,100008.90000000001,48004.272000000004,96008.54400000001,63005.607,93008.277
KALIMANTAN SELATAN,KOTA BANJARMASIN,138012.282,330029.37000000005,132011.748,100008.90000000001,42003.738000000005,87007.743,117010.41300000002,54004.806
KALIMANTAN SELATAN,KOTA BANJARBARU,180016.02,198017.622,222019.758,100008.90000000001,159014.151,69006.141,24002.136000000002,48004.272000000004
KALIMANTAN TIMUR,KAB. PASER,114010.14600000001,366032.574,120010.68000000001,100008.90000000001,108009.612,54004.806,93008.277,45004.005
KALIMANTAN TIMUR,KAB. KUTAI KARTANEGARA,186016.554,90008.01,324028.836,100008.90000000001,39003.471000000005,156013.88400000002,60005.340000000004,45004.005
KALIMANTAN TIMUR,KAB. BERAU,210018.69,336029.90400000004,54004.806,100008.90000000001,63005.607,138012.282,72006.408,27002.403
KALIMANTAN TIMUR,KAB. KUTAI BARAT,426037.914,96008.54400000001,78006.94200000001,100008.90000000001,87007.743,63005.607,132011.748,18001.602
KALIMANTAN TIMUR,KAB. KUTAI TIMUR,264023.496,156013.88400000002,180016.02,100008.90000000001,150013.35,99008.811,24002.136000000002,27002.403
KALIMANTAN TIMUR,KAB. PENAJAM PASER UTARA,450040.05000000005,114010.14600000001,36003.204,100008.90000000001,144012.816,78006.94200000001,57005.073000000004,21001.869000000002
KALIMANTAN TIMUR,KAB. MAHAKAM ULU,174015.486,312027.76800000004,114010.14600000001,100008.90000000001,102009.07800000001,48004.272000000004,81007.209,69006.141
KALIMANTAN TIMUR,KOTA BALIKPAPAN,252022.428,312027.76800000004,36003.204,100008.90000000001,153013.617,48004.272000000004,72006.408,27002.403
KALIMANTAN TIMUR,KOTA SAMARINDA,114010.14600000001,336029.90400000004,150013.35,100008.90000000001,27002.403,204018.15600000002,51004.539000000004,18001.602
KALIMANTAN TIMUR,KOTA BONTANG,252022.428,168014.95200000002,180016.02,100008.90000000001,135012.015,105009.345,30002.670000000002,30002.670000000002
KALIMANTAN UTARA,KAB. BULUNGAN,264023.496,192017.08800000002,144012.816,100008.90000000001,180016.02,45004.005,51004.539000000004,24002.136000000002
KALIMANTAN UTARA,KAB. MALINAU,120010.68000000001,120010.68000000001,360032.04,100008.90000000001,96008.54400000001,48004.272000000004,39003.471000000005,117010.41300000002
KALIMANTAN UTARA,KAB. NUNUKAN,102009.07800000001,258022.962,240021.36000000002,100008.90000000001,114010.14600000001,93008.277,24002.136000000002,69006.141
KALIMANTAN UTARA,KAB. TANA TIDUNG,342030.43799999997,144012.816,114010.14600000001,100008.90000000001,69006.141,132011.748,57005.073000000004,42003.738000000005
KALIMANTAN UTARA,KOTA TARAKAN,402035.77800000005,162014.418,36003.204,100008.90000000001,186016.554,66005.874,21001.869000000002,27002.403
SULAWESI UTARA,KAB. BOLAANG MONGONDOW,198017.622,360032.04,42003.738000000005,100008.90000000001,99008.811,93008.277,63005.607,45004.005
SULAWESI UTARA,KAB. MINAHASA,306027.234,144012.816,150013.35,100008.90000000001,123010.947,114010.14600000001,30002.670000000002,33002.937
SULAWESI UTARA,KAB. KEPULAUAN SANGIHE,66005.874,264023.496,270024.03,100008.90000000001,201017.88900000002,18001.602,57005.073000000004,24002.136000000002
SULAWESI UTARA,KAB. KEPULAUAN TALAUD,210018.69,324028.836,66005.874,100008.90000000001,51004.539000000004,114010.14600000001,60005.340000000004,75006.675
SULAWESI UTARA,KAB. MINAHASA SELATAN,186016.554,282025.098,132011.748,100008.90000000001,60005.340000000004,162014.418,30002.670000000002,48004.272000000004
SULAWESI UTARA,KAB. MINAHASA UTARA,432038.448,108009.612,60005.340000000004,100008.90000000001,42003.738000000005,87007.743,138012.282,33002.937
SULAWESI UTARA,KAB. MINAHASA TENGGARA,72006.408,108009.612,420037.38,100008.90000000001,174015.486,72006.408,21001.869000000002,33002.937
SULAWESI UTARA,KAB. BOLAANG MONGONDOW UTARA,102009.07800000001,144012.816,354031.506,100008.90000000001,81007.209,150013.35,36003.204,33002.937
SULAWESI UTARA,KAB. KEP. SIAU TAGULANDANG BIARO,504044.856,42003.738000000005,54004.806,100008.90000000001,111009.879,132011.748,27002.403,30002.670000000002
SULAWESI UTARA,KAB. BOLAANG MONGONDOW TIMUR,372033.108,144012.816,84007.47600000001,100008.90000000001,81007.209,144012.816,54004.806,21001.869000000002
SULAWESI UTARA,KAB. BOLAANG MONGONDOW SELATAN,324028.836,234020.82600000003,42003.738000000005,100008.90000000001,66005.874,51004.539000000004,69006.141,114010.14600000001
SULAWESI UTARA,KOTA MANADO,456040.58400000003,48004.272000000004,96008.54400000001,100008.90000000001,63005.607,183016.287,18001.602,36003.204
SULAWESI UTARA,KOTA BITUNG,114010.14600000001,126011.214,360032.04,100008.90000000001,192017.08800000002,54004.806,27002.403,27002.403
SULAWESI UTARA,KOTA TOMOHON,156013.88400000002,366032.574,78006.94200000001,100008.90000000001,69006.141,126011.214,27002.403,78006.94200000001
SULAWESI UTARA,KOTA KOTAMOBAGU,384034.17600000004,78006.94200000001,138012.282,100008.90000000001,45004.005,54004.806,132011.748,69006.141
SULAWESI TENGAH,KAB. BANGGAI,252022.428,294026.166,54004.806,100008.90000000001,138012.282,42003.738000000005,33002.937,87007.743
SULAWESI TENGAH,KAB. POSO,162014.418,288025.632,150013.35,100008.90000000001,18001.602,108009.612,153013.617,21001.869000000002
SULAWESI TENGAH,KAB. DONGGALA,102009.07800000001,240021.36000000002,258022.962,100008.90000000001,162014.418,36003.204,84007.47600000001,18001.602
SULAWESI TENGAH,KAB. TOLI TOLI,96008.54400000001,408036.31200000003,96008.54400000001,100008.90000000001,66005.874,51004.539000000004,165014.68500000003,18001.602
SULAWESI TENGAH,KAB. BUOL,138012.282,186016.554,276024.564,100008.90000000001,147013.083,39003.471000000005,90008.01,24002.136000000002
SULAWESI TENGAH,KAB. MOROWALI,48004.272000000004,210018.69,342030.43799999997,100008.90000000001,162014.418,39003.471000000005,78006.94200000001,21001.869000000002
SULAWESI TENGAH,KAB. BANGGAI KEPULAUAN,102009.07800000001,456040.58400000003,42003.738000000005,100008.90000000001,102009.07800000001,156013.88400000002,24002.136000000002,18001.602
SULAWESI TENGAH,KAB. PARIGI MOUTONG,132011.748,132011.748,336029.90400000004,100008.90000000001,81007.209,129011.481,39003.471000000005,51004.539000000004
SULAWESI TENGAH,KAB. TOJO UNA UNA,432038.448,78006.94200000001,90008.01,100008.90000000001,36003.204,69006.141,69006.141,126011.214
SULAWESI TENGAH,KAB. SIGI,372033.108,90008.01,138012.282,100008.90000000001,84007.47600000001,72006.408,60005.340000000004,84007.47600000001
SULAWESI TENGAH,KAB. BANGGAI LAUT,390034.71,132011.748,78006.94200000001,100008.90000000001,60005.340000000004,90008.01,48004.272000000004,102009.07800000001
SULAWESI TENGAH,KAB. MOROWALI UTARA,426037.914,90008.01,84007.47600000001,100008.90000000001,168014.95200000002,87007.743,24002.136000000002,21001.869000000002
SULAWESI TENGAH,KOTA PALU,114010.14600000001,198017.622,288025.632,100008.90000000001,51004.539000000004,102009.07800000001,51004.539000000004,96008.54400000001
SULAWESI SELATAN,KAB. KEPULAUAN SELAYAR,222019.758,318028.302,60005.340000000004,100008.90000000001,177015.753,57005.073000000004,48004.272000000004,18001.602
SULAWESI SELATAN,KAB. BULUKUMBA,330029.37000000005,42003.738000000005,228020.29200000002,100008.90000000001,27002.403,42003.738000000005,168014.95200000002,63005.607
SULAWESI SELATAN,KAB. BANTAENG,234020.82600000003,102009.07800000001,264023.496,100008.90000000001,87007.743,168014.95200000002,21001.869000000002,24002.136000000002
SULAWESI SELATAN,KAB. JENEPONTO,276024.564,240021.36000000002,84007.47600000001,100008.90000000001,48004.272000000004,147013.083,66005.874,39003.471000000005
SULAWESI SELATAN,KAB. TAKALAR,132011.748,108009.612,360032.04,100008.90000000001,189016.821,30002.670000000002,54004.806,27002.403
SULAWESI SELATAN,KAB. GOWA,342030.43799999997,204018.15600000002,54004.806,100008.90000000001,108009.612,42003.738000000005,66005.874,84007.47600000001
SULAWESI SELATAN,KAB. SINJAI,336029.90400000004,150013.35,114010.14600000001,100008.90000000001,33002.937,45004.005,195017.355,27002.403
SULAWESI SELATAN,KAB. BONE,42003.738000000005,174015.486,384034.17600000004,100008.90000000001,180016.02,51004.539000000004,18001.602,51004.539000000004
SULAWESI SELATAN,KAB. MAROS,264023.496,72006.408,264023.496,100008.90000000001,57005.073000000004,66005.874,33002.937,144012.816
SULAWESI SELATAN,KAB. PANGKAJENE KEPULAUAN,66005.874,336029.90400000004,198017.622,100008.90000000001,63005.607,72006.408,114010.14600000001,51004.539000000004
SULAWESI SELATAN,KAB. BARRU,120010.68000000001,324028.836,156013.88400000002,100008.90000000001,135012.015,96008.54400000001,30002.670000000002,39003.471000000005
SULAWESI SELATAN,KAB. SOPPENG,432038.448,60005.340000000004,108009.612,100008.90000000001,57005.073000000004,42003.738000000005,144012.816,57005.073000000004
SULAWESI SELATAN,KAB. WAJO,402035.77800000005,126011.214,72006.408,100008.90000000001,51004.539000000004,78006.94200000001,81007.209,90008.01
SULAWESI SELATAN,KAB. SIDENRENG RAPPANG,204018.15600000002,96008.54400000001,300026.7,100008.90000000001,180016.02,27002.403,39003.471000000005,54004.806
SULAWESI SELATAN,KAB. PINRANG,102009.07800000001,150013.35,348030.972,100008.90000000001,189016.821,33002.937,27002.403,51004.539000000004
SULAWESI SELATAN,KAB. ENREKANG,102009.07800000001,108009.612,390034.71,100008.90000000001,87007.743,42003.738000000005,27002.403,144012.816
SULAWESI SELATAN,KAB. LUWU,96008.54400000001,42003.738000000005,462041.118,100008.90000000001,36003.204,147013.083,54004.806,63005.607
SULAWESI SELATAN,KAB. TANA TORAJA,324028.836,66005.874,210018.69,100008.90000000001,174015.486,36003.204,39003.471000000005,51004.539000000004
SULAWESI SELATAN,KAB. LUWU UTARA,132011.748,66005.874,402035.77800000005,100008.90000000001,51004.539000000004,147013.083,42003.738000000005,60005.340000000004
SULAWESI SELATAN,KAB. LUWU TIMUR,354031.506,72006.408,174015.486,100008.90000000001,150013.35,105009.345,18001.602,27002.403
SULAWESI SELATAN,KAB. TORAJA UTARA,54004.806,426037.914,120010.68000000001,100008.90000000001,159014.151,24002.136000000002,66005.874,51004.539000000004
SULAWESI SELATAN,KOTA MAKASSAR,48004.272000000004,222019.758,330029.37000000005,100008.90000000001,42003.738000000005,84007.47600000001,66005.874,108009.612
SULAWESI SELATAN,KOTA PARE PARE,60005.340000000004,138012.282,402035.77800000005,100008.90000000001,30002.670000000002,24002.136000000002,48004.272000000004,198017.622
SULAWESI SELATAN,KOTA PALOPO,42003.738000000005,66005.874,492043.788,100008.90000000001,18001.602,225020.02500000002,18001.602,39003.471000000005
SULAWESI TENGGARA,KAB. KOLAKA,180016.02,336029.90400000004,84007.47600000001,100008.90000000001,57005.073000000004,99008.811,60005.340000000004,84007.47600000001
SULAWESI TENGGARA,KAB. KONAWE,336029.90400000004,90008.01,174015.486,100008.90000000001,66005.874,36003.204,21001.869000000002,177015.753
SULAWESI TENGGARA,KAB. MUNA,192017.08800000002,174015.486,234020.82600000003,100008.90000000001,90008.01,30002.670000000002,33002.937,147013.083
SULAWESI TENGGARA,KAB. BUTON,336029.90400000004,114010.14600000001,150013.35,100008.90000000001,66005.874,156013.88400000002,39003.471000000005,39003.471000000005
SULAWESI TENGGARA,KAB. KONAWE SELATAN,168014.95200000002,342030.43799999997,90008.01,100008.90000000001,45004.005,24002.136000000002,45004.005,186016.554
SULAWESI TENGGARA,KAB. BOMBANA,486043.2540000001,36003.204,78006.94200000001,100008.90000000001,42003.738000000005,84007.47600000001,96008.54400000001,78006.94200000001
SULAWESI TENGGARA,KAB. WAKATOBI,132011.748,222019.758,246021.894,100008.90000000001,90008.01,57005.073000000004,75006.675,78006.94200000001
SULAWESI TENGGARA,KAB. KOLAKA UTARA,78006.94200000001,120010.68000000001,402035.77800000005,100008.90000000001,114010.14600000001,60005.340000000004,24002.136000000002,102009.07800000001
SULAWESI TENGGARA,KAB. KONAWE UTARA,54004.806,510045.39,36003.204,100008.90000000001,168014.95200000002,36003.204,60005.340000000004,36003.204
SULAWESI TENGGARA,KAB. BUTON UTARA,180016.02,366032.574,54004.806,100008.90000000001,201017.88900000002,18001.602,18001.602,63005.607
SULAWESI TENGGARA,KAB. KOLAKA TIMUR,36003.204,72006.408,492043.788,100008.90000000001,189016.821,36003.204,30002.670000000002,45004.005
SULAWESI TENGGARA,KAB. KONAWE KEPULAUAN,342030.43799999997,156013.88400000002,102009.07800000001,100008.90000000001,51004.539000000004,81007.209,87007.743,81007.209
SULAWESI TENGGARA,KAB. MUNA BARAT,390034.71,138012.282,72006.408,100008.90000000001,60005.340000000004,78006.94200000001,18001.602,144012.816
SULAWESI TENGGARA,KAB. BUTON TENGAH,264023.496,180016.02,156013.88400000002,100008.90000000001,213018.957,24002.136000000002,18001.602,45004.005
SULAWESI TENGGARA,KAB. BUTON SELATAN,354031.506,84007.47600000001,162014.418,100008.90000000001,87007.743,24002.136000000002,18001.602,171015.21899999998
SULAWESI TENGGARA,KOTA KENDARI,504044.856,36003.204,60005.340000000004,100008.90000000001,123010.947,27002.403,18001.602,132011.748
SULAWESI TENGGARA,KOTA BAU BAU,294026.166,42003.738000000005,264023.496,100008.90000000001,60005.340000000004,36003.204,39003.471000000005,165014.68500000003
GORONTALO,KAB. GORONTALO,216019.224,318028.302,66005.874,100008.90000000001,33002.937,114010.14600000001,90008.01,63005.607
GORONTALO,KAB. BOALEMO,180016.02,174015.486,246021.894,100008.90000000001,114010.14600000001,18001.602,102009.07800000001,66005.874
GORONTALO,KAB. BONE BOLANGO,150013.35,264023.496,186016.554,100008.90000000001,108009.612,102009.07800000001,42003.738000000005,48004.272000000004
GORONTALO,KAB. PAHUWATO,132011.748,96008.54400000001,372033.108,100008.90000000001,57005.073000000004,93008.277,117010.41300000002,33002.937
GORONTALO,KAB. GORONTALO UTARA,372033.108,48004.272000000004,180016.02,100008.90000000001,54004.806,78006.94200000001,105009.345,63005.607
GORONTALO,KOTA GORONTALO,186016.554,342030.43799999997,72006.408,100008.90000000001,24002.136000000002,150013.35,108009.612,18001.602
SULAWESI BARAT,KAB. PASANGKAYU,264023.496,138012.282,198017.622,100008.90000000001,105009.345,27002.403,129011.481,39003.471000000005
SULAWESI BARAT,KAB. MAMUJU,498044.322,60005.340000000004,42003.738000000005,100008.90000000001,120010.68000000001,21001.869000000002,141012.549,18001.602
SULAWESI BARAT,KAB. MAMASA,360032.04,120010.68000000001,120010.68000000001,100008.90000000001,51004.539000000004,21001.869000000002,174015.486,54004.806
SULAWESI BARAT,KAB. POLEWALI MANDAR,294026.166,240021.36000000002,66005.874,100008.90000000001,153013.617,54004.806,51004.539000000004,42003.738000000005
SULAWESI BARAT,KAB. MAJENE,156013.88400000002,282025.098,162014.418,100008.90000000001,126011.214,27002.403,96008.54400000001,51004.539000000004
SULAWESI BARAT,KAB. MAMUJU TENGAH,36003.204,150013.35,414036.84599999996,100008.90000000001,138012.282,36003.204,108009.612,18001.602
MALUKU,KAB. MALUKU TENGAH,402035.77800000005,144012.816,54004.806,100008.90000000001,162014.418,42003.738000000005,39003.471000000005,57005.073000000004
MALUKU,KAB. MALUKU TENGGARA,60005.340000000004,300026.7,240021.36000000002,100008.90000000001,147013.083,72006.408,60005.340000000004,21001.869000000002
MALUKU,KAB. KEPULAUAN TANIMBAR,96008.54400000001,222019.758,282025.098,100008.90000000001,111009.879,48004.272000000004,27002.403,114010.14600000001
MALUKU,KAB. BURU,126011.214,228020.29200000002,246021.894,100008.90000000001,57005.073000000004,105009.345,99008.811,39003.471000000005
MALUKU,KAB. SERAM BAGIAN TIMUR,192017.08800000002,72006.408,336029.90400000004,100008.90000000001,150013.35,69006.141,57005.073000000004,24002.136000000002
MALUKU,KAB. SERAM BAGIAN BARAT,384034.17600000004,96008.54400000001,120010.68000000001,100008.90000000001,69006.141,180016.02,21001.869000000002,30002.670000000002
MALUKU,KAB. KEPULAUAN ARU,372033.108,78006.94200000001,150013.35,100008.90000000001,231020.559,30002.670000000002,18001.602,21001.869000000002
MALUKU,KAB. MALUKU BARAT DAYA,72006.408,360032.04,168014.95200000002,100008.90000000001,75006.675,105009.345,90008.01,30002.670000000002
MALUKU,KAB. BURU SELATAN,258022.962,42003.738000000005,300026.7,100008.90000000001,87007.743,171015.21899999998,18001.602,24002.136000000002
MALUKU,KOTA AMBON,384034.17600000004,132011.748,84007.47600000001,100008.90000000001,30002.670000000002,120010.68000000001,96008.54400000001,54004.806
MALUKU,KOTA TUAL,72006.408,174015.486,354031.506,100008.90000000001,147013.083,30002.670000000002,24002.136000000002,99008.811
MALUKU UTARA,KAB. HALMAHERA BARAT,354031.506,66005.874,180016.02,100008.90000000001,171015.21899999998,30002.670000000002,75006.675,24002.136000000002
MALUKU UTARA,KAB. HALMAHERA TENGAH,264023.496,270024.03,66005.874,100008.90000000001,108009.612,45004.005,120010.68000000001,27002.403
MALUKU UTARA,KAB. HALMAHERA UTARA,228020.29200000002,54004.806,318028.302,100008.90000000001,180016.02,21001.869000000002,48004.272000000004,51004.539000000004
MALUKU UTARA,KAB. HALMAHERA SELATAN,228020.29200000002,156013.88400000002,216019.224,100008.90000000001,54004.806,78006.94200000001,72006.408,96008.54400000001
MALUKU UTARA,KAB. KEPULAUAN SULA,438038.982,72006.408,90008.01,100008.90000000001,126011.214,51004.539000000004,51004.539000000004,72006.408
MALUKU UTARA,KAB. HALMAHERA TIMUR,210018.69,210018.69,180016.02,100008.90000000001,99008.811,81007.209,78006.94200000001,42003.738000000005
MALUKU UTARA,KAB. PULAU MOROTAI,306027.234,42003.738000000005,252022.428,100008.90000000001,57005.073000000004,102009.07800000001,63005.607,78006.94200000001
MALUKU UTARA,KAB. PULAU TALIABU,318028.302,66005.874,216019.224,100008.90000000001,99008.811,93008.277,51004.539000000004,57005.073000000004
MALUKU UTARA,KOTA TERNATE,258022.962,120010.68000000001,222019.758,100008.90000000001,24002.136000000002,93008.277,150013.35,33002.937
MALUKU UTARA,KOTA TIDORE KEPULAUAN,288025.632,102009.07800000001,210018.69,100008.90000000001,84007.47600000001,72006.408,126011.214,18001.602
PAPUA,KAB. BIAK NUMFOR,90008.01,462041.118,48004.272000000004,100008.90000000001,201017.88900000002,57005.073000000004,21001.869000000002,21001.869000000002
PAPUA,KAB. JAYAPURA,60005.340000000004,78006.94200000001,462041.118,100008.90000000001,192017.08800000002,54004.806,18001.602,36003.204
PAPUA,KAB. KEEROM,72006.408,360032.04,168014.95200000002,100008.90000000001,180016.02,51004.539000000004,24002.136000000002,45004.005
PAPUA,KAB. KEPULAUAN YAPEN,516045.924,42003.738000000005,42003.738000000005,100008.90000000001,162014.418,96008.54400000001,18001.602,24002.136000000002
PAPUA,KAB. MAMBERAMO RAYA,258022.962,48004.272000000004,294026.166,100008.90000000001,21001.869000000002,36003.204,129011.481,114010.14600000001
PAPUA,KAB. SARMI,174015.486,312027.76800000004,114010.14600000001,100008.90000000001,90008.01,27002.403,111009.879,72006.408
PAPUA,KAB. SUPIORI,306027.234,258022.962,36003.204,100008.90000000001,168014.95200000002,45004.005,24002.136000000002,63005.607
PAPUA,KAB. WAROPEN,138012.282,90008.01,372033.108,100008.90000000001,210018.69,36003.204,30002.670000000002,24002.136000000002
PAPUA,KOTA JAYAPURA,168014.95200000002,216019.224,216019.224,100008.90000000001,171015.21899999998,45004.005,33002.937,51004.539000000004
PAPUA BARAT,KAB. FAK FAK,84007.47600000001,120010.68000000001,396035.244,100008.90000000001,111009.879,135012.015,27002.403,27002.403
PAPUA BARAT,KAB. KAIMANA,54004.806,108009.612,438038.982,100008.90000000001,99008.811,132011.748,39003.471000000005,30002.670000000002
PAPUA BARAT,KAB. MANOKWARI,348030.972,102009.07800000001,150013.35,100008.90000000001,81007.209,69006.141,117010.41300000002,33002.937
PAPUA BARAT,KAB. MANOKWARI SELATAN,396035.244,72006.408,132011.748,100008.90000000001,51004.539000000004,24002.136000000002,207018.42299999998,18001.602
PAPUA BARAT,KAB. PEGUNUNGAN ARFAK,246021.894,42003.738000000005,312027.76800000004,100008.90000000001,33002.937,30002.670000000002,48004.272000000004,189016.821
PAPUA BARAT,KAB. TELUK BINTUNI,186016.554,60005.340000000004,354031.506,100008.90000000001,30002.670000000002,198017.622,27002.403,45004.005
PAPUA BARAT,KAB. TELUK WONDAMA,396035.244,126011.214,78006.94200000001,100008.90000000001,96008.54400000001,45004.005,57005.073000000004,102009.07800000001
PAPUA BARAT DAYA,KAB. MAYBRAT,426037.914,96008.54400000001,78006.94200000001,100008.90000000001,216019.224,33002.937,18001.602,33002.937
PAPUA BARAT DAYA,KAB. RAJA AMPAT,480042.72000000003,60005.340000000004,60005.340000000004,100008.90000000001,117010.41300000002,120010.68000000001,33002.937,30002.670000000002
PAPUA BARAT DAYA,KAB. SORONG,420037.38,96008.54400000001,84007.47600000001,100008.90000000001,42003.738000000005,24002.136000000002,153013.617,81007.209
PAPUA BARAT DAYA,KAB. SORONG SELATAN,486043.2540000001,54004.806,60005.340000000004,100008.90000000001,174015.486,72006.408,27002.403,27002.403
PAPUA BARAT DAYA,KAB. TAMBRAUW,300026.7,168014.95200000002,132011.748,100008.90000000001,168014.95200000002,78006.94200000001,24002.136000000002,30002.670000000002
PAPUA BARAT DAYA,KOTA SORONG,168014.95200000002,390034.71,42003.738000000005,100008.90000000001,36003.204,162014.418,66005.874,36003.204
PAPUA TENGAH,KAB. DEIYAI,402035.77800000005,120010.68000000001,78006.94200000001,100008.90000000001,183016.287,30002.670000000002,54004.806,33002.937
PAPUA TENGAH,KAB. DOGIYAI,36003.204,240021.36000000002,324028.836,100008.90000000001,54004.806,171015.21899999998,39003.471000000005,36003.204
PAPUA TENGAH,KAB. INTAN JAYA,360032.04,156013.88400000002,84007.47600000001,100008.90000000001,51004.539000000004,132011.748,48004.272000000004,69006.141
PAPUA TENGAH,KAB. MIMIKA,300026.7,156013.88400000002,144012.816,100008.90000000001,108009.612,144012.816,24002.136000000002,24002.136000000002
PAPUA TENGAH,KAB. NABIRE,204018.15600000002,114010.14600000001,282025.098,100008.90000000001,18001.602,183016.287,30002.670000000002,69006.141
PAPUA TENGAH,KAB. PANIAI,306027.234,168014.95200000002,126011.214,100008.90000000001,27002.403,120010.68000000001,63005.607,90008.01
PAPUA TENGAH,KAB. PUNCAK,432038.448,114010.14600000001,54004.806,100008.90000000001,189016.821,39003.471000000005,48004.272000000004,24002.136000000002
PAPUA TENGAH,KAB. PUNCAK JAYA,192017.08800000002,216019.224,192017.08800000002,100008.90000000001,51004.539000000004,69006.141,57005.073000000004,123010.947
PAPUA SELATAN,KAB. ASMAT,42003.738000000005,462041.118,96008.54400000001,100008.90000000001,30002.670000000002,201017.88900000002,42003.738000000005,27002.403
PAPUA SELATAN,KAB. BOVEN DIGOEL,144012.816,294026.166,162014.418,100008.90000000001,120010.68000000001,60005.340000000004,42003.738000000005,78006.94200000001
PAPUA SELATAN,KAB. MAPPI,42003.738000000005,102009.07800000001,456040.58400000003,100008.90000000001,87007.743,21001.869000000002,63005.607,129011.481
PAPUA SELATAN,KAB. MERAUKE,306027.234,150013.35,144012.816,100008.90000000001,102009.07800000001,132011.748,18001.602,48004.272000000004
PAPUA PEGUNUNGAN,KAB. JAYAWIJAYA,192017.08800000002,282025.098,126011.214,100008.90000000001,84007.47600000001,60005.340000000004,69006.141,87007.743
PAPUA PEGUNUNGAN,KAB. LANNY JAYA,408036.31200000003,144012.816,48004.272000000004,100008.90000000001,75006.675,123010.947,75006.675,27002.403
PAPUA PEGUNUNGAN,KAB. MAMBERAMO TENGAH,336029.90400000004,72006.408,192017.08800000002,100008.90000000001,213018.957,48004.272000000004,18001.602,21001.869000000002
PAPUA PEGUNUNGAN,KAB. NDUGA,60005.340000000004,156013.88400000002,384034.17600000004,100008.90000000001,189016.821,21001.869000000002,18001.602,72006.408
PAPUA PEGUNUNGAN,KAB. PEGUNUNGAN BINTANG,240021.36000000002,36003.204,324028.836,100008.90000000001,33002.937,165014.68500000003,21001.869000000002,81007.209
PAPUA PEGUNUNGAN,KAB. TOLIKARA,324028.836,168014.95200000002,108009.612,100008.90000000001,69006.141,93008.277,18001.602,120010.68000000001
PAPUA PEGUNUNGAN,KAB. YALIMO,462041.118,96008.54400000001,42003.738000000005,100008.90000000001,69006.141,48004.272000000004,126011.214,57005.073000000004
PAPUA PEGUNUNGAN,KAB. YAHUKIMO,336029.90400000004,216019.224,48004.272000000004,100008.90000000001,36003.204,168014.95200000002,24002.136000000002,72006.408